{
  "project_info": {
    "project_number": "325354198756",
    "project_id": "darrell-s-inventory-app",
    "storage_bucket": "darrell-s-inventory-app.firebasestorage.app"
  },
  "client": [
    {
      "client_info": {
        "mobilesdk_app_id": "1:325354198756:android:a48caf29a1bc8a24c97ef1",
        "android_client_info": {
          "package_name": "com.example.inventoryapp"
        }
      },
      "oauth_client": [],
      "api_key": [
        {
          "current_key": "AIzaSyCj1QUzQTamYzuegKH7o3wHTzsgOBgSO88"
        }
      ],
      "services": {
        "appinvite_service": {
          "other_platform_oauth_client": []
        }
      }
    }
  ],
  "configuration_version": "1"
}